{"max": [-0.0873526, 0.1905, 0.0956503], "centroid": [-0.11950287380319166, 0.10266923670212716, 0.063499999468085], "id": "1ffd7113492d375593202bf99dddc268", "numVertices": 1504, "min": [-0.151653, 0.0, 0.0313497]}
