{
    "max": [0.971172, 6.68126, 0.971172], 
    "centroid": [4.324238229971171e-18, 3.874220152173902, 2.388387394460821e-18], 
    "id": "1ef68777bfdb7d6ba7a07ee616e34cd7", 
    "numVertices": 552, 
    "min": [-0.971172, -0.302482, -0.971172]
}
