{"max": [-2.05839, 7.78079, 3.68224], "centroid": [-3.0459767599674517, 5.653637319928447, 2.694526901545992], "id": "1d4480abe9aa45ce51a99c0e19a8a54", "numVertices": 6145, "min": [-4.0335, 0.0, 1.70712]}
