{"max": [-0.738332, 2.22915, 0.283909], "centroid": [-1.0222412901234565, 1.5816219497863986, 7.857510289755242e-09], "id": "1b64b36bf7ddae3d7ad11050da24bb12", "numVertices": 3888, "min": [-1.30615, 0.0, -0.283909]}
