{"max": [-0.476972, 1.16999, -0.223218], "centroid": [-0.9618054090909088, 0.5396189949494945, -0.9420489999999994], "id": "4b8b10d03552e0891898dfa8eb8eefff", "numVertices": 198, "min": [-1.4272, 0.0, -1.47126]}
